sp_name,taxon,sample,lib,reads_file,notes
Acridocarpus_chevalieri_170.comb__170.comb,Acridocarpus,170,170,SUB07600_170_S230_L007_R1_001.fastq.gz,
Acridocarpus_chevalieri_170.comb__170.comb,Acridocarpus,170,170,SUB07600_170_S230_L007_R2_001.fastq.gz,
Acridocarpus_socotranus_1102.comb__1102.comb,Acridocarpus,1102,1102,1102_S57_L003_R1_001.fastq.gz,
Acridocarpus_socotranus_1102.comb__1102.comb,Acridocarpus,1102,1102,1102_S57_L003_R2_001.fastq.gz,
Banisteriopsis_irwinii_3527.lib4.lane3__3527.comb,Banisteriopsis,3527,3527,SUB07600_3527_S321_L007_R1_001.fastq.gz,
Banisteriopsis_irwinii_3527.lib4.lane3__3527.comb,Banisteriopsis,3527,3527,SUB07600_3527_S321_L007_R2_001.fastq.gz,
Banisteriopsis_schizoptera_3536.lib3.5__3536.lib3.5,Banisteriopsis,3536,3536,3536_S36_L003_R1_001.fastq.gz,
Banisteriopsis_schizoptera_3536.lib3.5__3536.lib3.5,Banisteriopsis,3536,3536,3536_S36_L003_R2_001.fastq.gz,
Bunchosia_cruciana_3935.lib4.lane6__3935.lib4.lane6,Bunchosia,3935,3935,3935_S464_L006_R1_001.fastq.gz,
Bunchosia_cruciana_3935.lib4.lane6__3935.lib4.lane6,Bunchosia,3935,3935,3935_S464_L006_R2_001.fastq.gz,
Bunchosia_decussiflora_1770.lib4.lane3__1770.comb,Bunchosia,1770,1770,SUB07600_1770_S261_L007_R1_001.fastq.gz,
Bunchosia_decussiflora_1770.lib4.lane3__1770.comb,Bunchosia,1770,1770,SUB07600_1770_S261_L007_R2_001.fastq.gz,
Byrsonima_dealbata_2693.lib2__2693.comb_3,Byrsonima,2693,2693,SUB07600_2693_S331_L007_R1_001.fastq.gz,
Byrsonima_dealbata_2693.lib2__2693.comb_3,Byrsonima,2693,2693,SUB07600_2693_S331_L007_R2_001.fastq.gz,
Byrsonima_psilandra_2711.comb__2711.comb,Byrsonima,2711,2711,SUB07600_2711_S289_L007_R1_001.fastq.gz,
Byrsonima_psilandra_2711.comb__2711.comb,Byrsonima,2711,2711,SUB07600_2711_S289_L007_R2_001.fastq.gz,
Elatine_gracilis_2272.lib5__2272.lib5,Elatine,2272,2272,2272_S38_R1_001.fastq.gz,
Elatine_gracilis_2272.lib5__2272.lib5,Elatine,2272,2272,2272_S38_R2_001.fastq.gz,
Elatine_hungarica_2311.lib5__2311.lib5,Elatine,2311,2311,2311_S33_R1_001.fastq.gz,
Elatine_hungarica_2311.lib5__2311.lib5,Elatine,2311,2311,2311_S33_R2_001.fastq.gz,
Heteropterys_quetepensis_3279.comb__3279.comb,Heteropterys,3279,3279,SUB07600_3279_S339_L007_R1_001.fastq.gz,
Heteropterys_quetepensis_3279.comb__3279.comb,Heteropterys,3279,3279,SUB07600_3279_S339_L007_R2_001.fastq.gz,
Heteropterys_riparia_3980.lib4.lane6__3980.lib4.lane6,Heteropterys,3980,3980,3980_S490_L006_R1_001.fastq.gz,
Heteropterys_riparia_3980.lib4.lane6__3980.lib4.lane6,Heteropterys,3980,3980,3980_S490_L006_R2_001.fastq.gz,
Hiraea_hatschbachii_4021.lib4.lane6__4021.lib4.lane6,Hiraea,4021,4021,4021_S463_L006_R1_001.fastq.gz,
Hiraea_hatschbachii_4021.lib4.lane6__4021.lib4.lane6,Hiraea,4021,4021,4021_S463_L006_R2_001.fastq.gz,
Hiraea_occhionii_4026.lib4.lane6__4026.lib4.lane6,Hiraea,4026,4026,4026_S520_L006_R1_001.fastq.gz,
Hiraea_occhionii_4026.lib4.lane6__4026.lib4.lane6,Hiraea,4026,4026,4026_S520_L006_R2_001.fastq.gz,
Malpighia_diversifolia_3230.lib4.lane3__3230.comb,Malpighia,3230,3230,SUB07600_3230_S245_L007_R1_001.fastq.gz,
Malpighia_diversifolia_3230.lib4.lane3__3230.comb,Malpighia,3230,3230,SUB07600_3230_S245_L007_R2_001.fastq.gz,
Malpighia_ovata_3234.lib4.lane3__3234.lib1,Malpighia,3234,3234,SUB07600_3234_S293_L007_R1_001.fastq.gz,
Malpighia_ovata_3234.lib4.lane3__3234.lib1,Malpighia,3234,3234,SUB07600_3234_S293_L007_R2_001.fastq.gz,
Stigmaphyllon_lindenianum_4001.lib4.lane6__4001.lib4.lane6,Stigmaphyllon,4001,4001,4001_S509_L006_R1_001.fastq.gz,
Stigmaphyllon_lindenianum_4001.lib4.lane6__4001.lib4.lane6,Stigmaphyllon,4001,4001,4001_S509_L006_R2_001.fastq.gz,
Stigmaphyllon_littorale_4002.lib4.lane6__4002.lib4.lane6,Stigmaphyllon,4002,4002,4002_S517_L006_R1_001.fastq.gz,
Stigmaphyllon_littorale_4002.lib4.lane6__4002.lib4.lane6,Stigmaphyllon,4002,4002,4002_S517_L006_R2_001.fastq.gz,
Tetrapterys_arcana_2095.lib1__2095.lib1,Tetrapterys,2095,2095,2095_S63_L003_R1_001.fastq.gz,
Tetrapterys_arcana_2095.lib1__2095.lib1,Tetrapterys,2095,2095,2095_S63_L003_R2_001.fastq.gz,
Tetrapterys_hirsutula_3129.lib1__3129.lib1,Tetrapterys,3129,3129,3129_S8_L003_R1_001.fastq.gz,
Tetrapterys_hirsutula_3129.lib1__3129.lib1,Tetrapterys,3129,3129,3129_S8_L003_R2_001.fastq.gz,
Acridocarpus_macrocalyx_176.lib1,Acridocarpus,176,lib1,176_GGACATGACCGG.R1.fastq.gz,
Acridocarpus_macrocalyx_176.lib1,Acridocarpus,176,lib1,176_GGACATGACCGG.R2.fastq.gz,
Acridocarpus_orientalis_69.lib1,Acridocarpus,69,lib1,69_GCCAAGACAGAA.R1.fastq.gz,
Acridocarpus_orientalis_69.lib1,Acridocarpus,69,lib1,69_GCCAAGACAGAA.R2.fastq.gz,
Acridocarpus_perrieri_3211.lib4.lane3,Acridocarpus,3211,lib4.lane3,SUB07600_3211_S292_L007_R1_001.fastq.gz,
Acridocarpus_perrieri_3211.lib4.lane3,Acridocarpus,3211,lib4.lane3,SUB07600_3211_S292_L007_R2_001.fastq.gz,
Acridocarpus_smeathmannii_168.lib1,Acridocarpus,168,lib1,168_TATGTCACATGG.R1.fastq.gz,
Acridocarpus_smeathmannii_168.lib1,Acridocarpus,168,lib1,168_TATGTCACATGG.R2.fastq.gz,
Acridocarpus_zanzibaricus_2650.lib3,Acridocarpus,2650,lib3,2650_GAGACACACGGG.R1.fastq.gz,
Acridocarpus_zanzibaricus_2650.lib3,Acridocarpus,2650,lib3,2650_GAGACACACGGG.R2.fastq.gz,
Banisteriopsis_arborea_2960.comb,Banisteriopsis,2960,comb,2960_S50_L003_R1_001.fastq.gz,potential low quality
Banisteriopsis_arborea_2960.comb,Banisteriopsis,2960,comb,2960_S50_L003_R2_001.fastq.gz,potential low quality
Banisteriopsis_calcicola_1850.lib3,Banisteriopsis,1850,lib3,1850_TTCAACCTTCTT.R1.fastq.gz,
Banisteriopsis_calcicola_1850.lib3,Banisteriopsis,1850,lib3,1850_TTCAACCTTCTT.R2.fastq.gz,
Banisteriopsis_harleyi_1946.lib3,Banisteriopsis,1946,lib3,1946_TGCTGTTCTACC.R1.fastq.gz,
Banisteriopsis_harleyi_1946.lib3,Banisteriopsis,1946,lib3,1946_TGCTGTTCTACC.R2.fastq.gz,
Banisteriopsis_quadriglandula_3013.lib3,Banisteriopsis,3013,lib3,3013_TTGACCATGTGG.R1.fastq.gz,
Banisteriopsis_quadriglandula_3013.lib3,Banisteriopsis,3013,lib3,3013_TTGACCATGTGG.R2.fastq.gz,
Banisteriopsis_stellaris_1874.lib3,Banisteriopsis,1874,lib3,1874_TGATCAGGAGCC.R1.fastq.gz,
Banisteriopsis_stellaris_1874.lib3,Banisteriopsis,1874,lib3,1874_TGATCAGGAGCC.R2.fastq.gz,
Bronwenia_acapulcensis_1845.lib3,Bronwenia,1845,lib3,1845_TTACAGTCATCC.R1.fastq.gz,
Bronwenia_acapulcensis_1845.lib3,Bronwenia,1845,lib3,1845_TTACAGTCATCC.R2.fastq.gz,
Bronwenia_cinerascens_1944.lib3,Bronwenia,1944,lib3,1944_TTGTTGGAATCC.R1.fastq.gz,
Bronwenia_cinerascens_1944.lib3,Bronwenia,1944,lib3,1944_TTGTTGGAATCC.R2.fastq.gz,
Bronwenia_ferruginea_1853.lib3,Bronwenia,1853,lib3,1853_GCTTCTCGATCC.R1.fastq.gz,
Bronwenia_ferruginea_1853.lib3,Bronwenia,1853,lib3,1853_GCTTCTCGATCC.R2.fastq.gz,
Bronwenia_megaptera_1860.lib3.5,Bronwenia,1860,lib3.5,1860_S44_L003_R1_001.fastq.gz,
Bronwenia_megaptera_1860.lib3.5,Bronwenia,1860,lib3.5,1860_S44_L003_R2_001.fastq.gz,
Bronwenia_wurdackii_1877.lib3,Bronwenia,1877,lib3,1877_ACTAGAGGATCC.R1.fastq.gz,
Bronwenia_wurdackii_1877.lib3,Bronwenia,1877,lib3,1877_ACTAGAGGATCC.R2.fastq.gz,
Bunchosia_articulata_2831.lib2,Bunchosia,2831,lib2,2831_R1.fq.gz,
Bunchosia_articulata_2831.lib2,Bunchosia,2831,lib2,2831_R2.fq.gz,
Bunchosia_paraguariensis_1774.lib2,Bunchosia,1774,lib2,1774_R1.fq.gz,
Bunchosia_paraguariensis_1774.lib2,Bunchosia,1774,lib2,1774_R2.fq.gz,
Bunchosia_postuma_2827.lib1,Bunchosia,2827,lib1,2827.lib1.R1.fq.gz,Maybe wrong
Bunchosia_postuma_2827.lib1,Bunchosia,2827,lib1,2827.lib1.R2.fq.gz,Maybe wrong
Bunchosia_swartziana_2168.lib2,Bunchosia,2168,lib2,2168_R1.fq.gz,
Bunchosia_swartziana_2168.lib2,Bunchosia,2168,lib2,2168_R2.fq.gz,
Bunchosia_veluticarpa_679.lib2,Bunchosia,679,lib2,679.lib2.R1.fq.gz,Maybe wrong
Bunchosia_veluticarpa_679.lib2,Bunchosia,679,lib2,679.lib2.R2.fq.gz,Maybe wrong
Burdachia_duckei_3349.lib1,Burdachia,3349,lib1,3349.lib1.R1.fq.gz,Maybe wrong
Burdachia_duckei_3349.lib1,Burdachia,3349,lib1,3349.lib1.R2.fq.gz,Maybe wrong
Burdachia_prismatocarpa_3545.lib4.lane3,Burdachia,3545,lib4.lane3,SUB07600_3545_S378_L007_R1_001.fastq.gz,
Burdachia_prismatocarpa_3545.lib4.lane3,Burdachia,3545,lib4.lane3,SUB07600_3545_S378_L007_R2_001.fastq.gz,
Burdachia_sphaerocarpa_655.lib3,Burdachia,655,lib3,655_CCGAACCGGTGG.R1.fastq.gz,
Burdachia_sphaerocarpa_655.lib3,Burdachia,655,lib3,655_CCGAACCGGTGG.R2.fastq.gz,
Byrsonima_intermedia_2700.lib2,Byrsonima,2700,lib2,2700_R1.fq.gz,
Byrsonima_intermedia_2700.lib2,Byrsonima,2700,lib2,2700_R2.fq.gz,
Byrsonima_macrophylla_3955.lib4.lane6,Byrsonima,3955,lib4.lane6,3955_S481_L006_R1_001.fastq.gz,
Byrsonima_macrophylla_3955.lib4.lane6,Byrsonima,3955,lib4.lane6,3955_S481_L006_R2_001.fastq.gz,
Byrsonima_microphylla_2763.lib2,Byrsonima,2763,lib2,2763_R1.fq.gz,
Byrsonima_microphylla_2763.lib2,Byrsonima,2763,lib2,2763_R2.fq.gz,
Byrsonima_morii_2764.kylee,Byrsonima,2764,kylee,2764_CGTACG.R1.fastq.gz,High coverage
Byrsonima_morii_2764.kylee,Byrsonima,2764,kylee,2764_CGTACG.R2.fastq.gz,High coverage
Byrsonima_viminifolia_2794.lib4.lane3,Byrsonima,2794,lib4.lane3,SUB07600_2794_S240_L007_R1_001.fastq.gz,
Byrsonima_viminifolia_2794.lib4.lane3,Byrsonima,2794,lib4.lane3,SUB07600_2794_S240_L007_R2_001.fastq.gz,
Christianella_mesoamericana_3595.lib3,Christianella,3595,lib3,3595_CTCGATCGACGG.R1.fastq.gz,
Christianella_mesoamericana_3595.lib3,Christianella,3595,lib3,3595_CTCGATCGACGG.R2.fastq.gz,
Christianella_multiglandulosa_3431.lib3,Christianella,3431,lib3,3431_GTTTCTCAGTGG.R1.fastq.gz,
Christianella_multiglandulosa_3431.lib3,Christianella,3431,lib3,3431_GTTTCTCAGTGG.R2.fastq.gz,
Christianella_paludicola_1525.lib3.5,Christianella,1525,lib3.5,1525_S41_L003_R1_001.fastq.gz,
Christianella_paludicola_1525.lib3.5,Christianella,1525,lib3.5,1525_S41_L003_R2_001.fastq.gz,
Christianella_surinamensis_777.lib3.5,Christianella,777,lib3.5,777equal778_S39_L003_R1_001.fastq.gz,
Christianella_surinamensis_777.lib3.5,Christianella,777,lib3.5,777equal778_S39_L003_R2_001.fastq.gz,
Diacidia_aracaensis_3357.lib3,Diacidia,3357,lib3,3357_TCCAGGAAGTGG.R1.fastq.gz,
Diacidia_aracaensis_3357.lib3,Diacidia,3357,lib3,3357_TCCAGGAAGTGG.R2.fastq.gz,
Diacidia_ferruginea_682.lib3,Diacidia,682,lib3,682_AACTAGCGCCAA.R1.fastq.gz,
Diacidia_ferruginea_682.lib3,Diacidia,682,lib3,682_AACTAGCGCCAA.R2.fastq.gz,
Diacidia_galphimioides_1928.lib3,Diacidia,1928,lib3,1928_GCCTGTGGTCGG.R1.fastq.gz,
Diacidia_galphimioides_1928.lib3,Diacidia,1928,lib3,1928_GCCTGTGGTCGG.R2.fastq.gz,
Diacidia_kunhardtii_3452.lib3,Diacidia,3452,lib3,3452_ACGGGTTGGTGG.R1.fastq.gz,
Diacidia_kunhardtii_3452.lib3,Diacidia,3452,lib3,3452_ACGGGTTGGTGG.R2.fastq.gz,
Diacidia_vestita_3966.lib4.lane6,Diacidia,3966,lib4.lane6,3966_S485_L006_R1_001.fastq.gz,
Diacidia_vestita_3966.lib4.lane6,Diacidia,3966,lib4.lane6,3966_S485_L006_R2_001.fastq.gz,
Diplopterys_heterostyla_1939.lib3,Diplopterys,1939,lib3,1939_AACAAGGAAGCC.R1.fastq.gz,
Diplopterys_heterostyla_1939.lib3,Diplopterys,1939,lib3,1939_AACAAGGAAGCC.R2.fastq.gz,
Diplopterys_lucida_3606.comb,Diplopterys,3606,comb,3606_S58_L003_R1_001.fastq.gz,potential low quality
Diplopterys_lucida_3606.comb,Diplopterys,3606,comb,3606_S58_L003_R2_001.fastq.gz,potential low quality
Diplopterys_populifolia_3609.comb,Diplopterys,3609,comb,SUB07600_3609_S267_L007_R1_001.fastq.gz,potential low quality
Diplopterys_populifolia_3609.comb,Diplopterys,3609,comb,SUB07600_3609_S267_L007_R2_001.fastq.gz,potential low quality
Diplopterys_pubipetala_1905.lib3,Diplopterys,1905,lib3,1905_GGACTGAGATCC.R1.fastq.gz,
Diplopterys_pubipetala_1905.lib3,Diplopterys,1905,lib3,1905_GGACTGAGATCC.R2.fastq.gz,
Diplopterys_valvata_1240.lib3,Diplopterys,1240,lib3,1240_CGCGTTTCTTAA.R1.fastq.gz,
Diplopterys_valvata_1240.lib3,Diplopterys,1240,lib3,1240_CGCGTTTCTTAA.R2.fastq.gz,
Elatine_alsinastrum_2907.lib3,Elatine,2907,lib3,2907_TTACCAAGGCAA.R1.fastq.gz,
Elatine_alsinastrum_2907.lib3,Elatine,2907,lib3,2907_TTACCAAGGCAA.R2.fastq.gz,
Elatine_americana_2906.lib3,Elatine,2906,lib3,2906_AAGTGTGACTGG.R1.fastq.gz,
Elatine_americana_2906.lib3,Elatine,2906,lib3,2906_AAGTGTGACTGG.R2.fastq.gz,
Elatine_rubella_2909.lib3,Elatine,2909,lib3,2909_ATCCAGTACGGG.R1.fastq.gz,
Elatine_rubella_2909.lib3,Elatine,2909,lib3,2909_ATCCAGTACGGG.R2.fastq.gz,
Elatine_triandra_2279.lib3,Elatine,2279,lib3,2279_CTTCTTCAGCAA.R1.fastq.gz,
Elatine_triandra_2279.lib3,Elatine,2279,lib3,2279_CTTCTTCAGCAA.R2.fastq.gz,
Heteropterys_aenea_3220.lib1,Heteropterys,3220,lib1,3220_CTCGATCGACGG.R1.fastq.gz,
Heteropterys_aenea_3220.lib1,Heteropterys,3220,lib1,3220_CTCGATCGACGG.R2.fastq.gz,
Heteropterys_gentlei_3301.lib2,Heteropterys,3301,lib2,3301_R1.fq.gz,
Heteropterys_gentlei_3301.lib2,Heteropterys,3301,lib2,3301_R2.fq.gz,
Heteropterys_hypericifolia_2985.lib1,Heteropterys,2985,lib1,2985_TGAATTACGCGG.R1.fastq.gz,
Heteropterys_hypericifolia_2985.lib1,Heteropterys,2985,lib1,2985_TGAATTACGCGG.R2.fastq.gz,
Heteropterys_molesta_533.comb,Heteropterys,533,comb,SUB07600_533_S400_L007_R1_001.fastq.gz,potential low quality
Heteropterys_molesta_533.comb,Heteropterys,533,comb,SUB07600_533_S400_L007_R2_001.fastq.gz,potential low quality
Heteropterys_pteropetala_845.lib2,Heteropterys,845,lib2,845_R1.fq.gz,
Heteropterys_pteropetala_845.lib2,Heteropterys,845,lib2,845_R2.fq.gz,
Hiptage_benghalensis_2657.lib3,Hiptage,2657,lib3,2657_CTCTGACACTGG.R1.fastq.gz,
Hiptage_benghalensis_2657.lib3,Hiptage,2657,lib3,2657_CTCTGACACTGG.R2.fastq.gz,
Hiptage_bullata_1503.lib4.lane3,Hiptage,1503,lib4.lane3,SUB07600_1503_S399_L007_R1_001.fastq.gz,
Hiptage_bullata_1503.lib4.lane3,Hiptage,1503,lib4.lane3,SUB07600_1503_S399_L007_R2_001.fastq.gz,
Hiptage_detergens_760.lib3,Hiptage,760,lib3,760_AATAATTGGTCC.R1.fastq.gz,
Hiptage_detergens_760.lib3,Hiptage,760,lib3,760_AATAATTGGTCC.R2.fastq.gz,
Hiptage_elliptica_1314.lib3,Hiptage,1314,lib3,1314_TGGTCCTAGTCC.R1.fastq.gz,
Hiptage_elliptica_1314.lib3,Hiptage,1314,lib3,1314_TGGTCCTAGTCC.R2.fastq.gz,
Hiptage_myrtifolia_3375.lib3,Hiptage,3375,lib3,3375_ATGCGTAGCCAA.R1.fastq.gz,
Hiptage_myrtifolia_3375.lib3,Hiptage,3375,lib3,3375_ATGCGTAGCCAA.R2.fastq.gz,
Malpighia_emarginata_3384.lib1,Malpighia,3384,lib1,3384_TGATCAGGAGCC.R1.fastq.gz,
Malpighia_emarginata_3384.lib1,Malpighia,3384,lib1,3384_TGATCAGGAGCC.R2.fastq.gz,
Malpighia_harrisii_3231.comb,Malpighia,3231,comb,SUB07600_3231_S246_L007_R1_001.fastq.gz,potential low quality
Malpighia_harrisii_3231.comb,Malpighia,3231,comb,SUB07600_3231_S246_L007_R2_001.fastq.gz,potential low quality
Malpighia_lundellii_1556.lib1,Malpighia,1556,lib1,1556_ATATTAAGGTGG.R1.fastq.gz,
Malpighia_lundellii_1556.lib1,Malpighia,1556,lib1,1556_ATATTAAGGTGG.R2.fastq.gz,
Malpighia_megacantha_3386.lib1,Malpighia,3386,lib1,3386_TTACAGTCATCC.R1.fastq.gz,
Malpighia_megacantha_3386.lib1,Malpighia,3386,lib1,3386_TTACAGTCATCC.R2.fastq.gz,
Malpighia_proctorii_3235.lib1,Malpighia,3235,lib1,3235_CCTAAGGTTCGG.R1.fastq.gz,
Malpighia_proctorii_3235.lib1,Malpighia,3235,lib1,3235_CCTAAGGTTCGG.R2.fastq.gz,
Malpighiodes_guianensis_1570.lib3,Malpighiodes,1570,lib3,1570_CCCAATTCCCGG.R1.fastq.gz,
Malpighiodes_guianensis_1570.lib3,Malpighiodes,1570,lib3,1570_CCCAATTCCCGG.R2.fastq.gz,
Malpighiodes_leucanthele_3640.lib4.lane3,Malpighiodes,3640,lib4.lane3,SUB07600_3640_S391_L007_R1_001.fastq.gz,
Malpighiodes_leucanthele_3640.lib4.lane3,Malpighiodes,3640,lib4.lane3,SUB07600_3640_S391_L007_R2_001.fastq.gz,
Malpighiodes_liesneri_1610.comb,Malpighiodes,1610,comb,1610_S9_L003_R1_001.fastq.gz,potential low quality
Malpighiodes_liesneri_1610.comb,Malpighiodes,1610,comb,1610_S9_L003_R2_001.fastq.gz,potential low quality
Stigmaphyllon_alternifolium_3285.lib3,Stigmaphyllon,3285,lib3,3285_GTGCGCGGCCGG.R1.fastq.gz,
Stigmaphyllon_alternifolium_3285.lib3,Stigmaphyllon,3285,lib3,3285_GTGCGCGGCCGG.R2.fastq.gz,
Stigmaphyllon_bogotense_1735.lib1,Stigmaphyllon,1735,lib1,1735_TCGACCACAGCC.R1.fastq.gz,
Stigmaphyllon_bogotense_1735.lib1,Stigmaphyllon,1735,lib1,1735_TCGACCACAGCC.R2.fastq.gz,
Stigmaphyllon_cardiophyllum_3001.lib1,Stigmaphyllon,3001,lib1,3001_AACAAGGAAGCC.R1.fastq.gz,
Stigmaphyllon_cardiophyllum_3001.lib1,Stigmaphyllon,3001,lib1,3001_AACAAGGAAGCC.R2.fastq.gz,
Stigmaphyllon_echitoides_3659.lib2,Stigmaphyllon,3659,lib2,3659_R1.fq.gz,
Stigmaphyllon_echitoides_3659.lib2,Stigmaphyllon,3659,lib2,3659_R2.fq.gz,
Stigmaphyllon_lalandianum_3090.lib1,Stigmaphyllon,3090,lib1,3090_ATTTCCTAGCAA.R1.fastq.gz,
Stigmaphyllon_lalandianum_3090.lib1,Stigmaphyllon,3090,lib1,3090_ATTTCCTAGCAA.R2.fastq.gz,
Tetrapterys_anomala_944.lib2,Tetrapterys,944,lib2,944_R1.fq.gz,
Tetrapterys_anomala_944.lib2,Tetrapterys,944,lib2,944_R2.fq.gz,
Tetrapterys_calophylla_2942.lib1,Tetrapterys,2942,lib1,2942_AAGTGTGACTGG.R1.fastq.gz,
Tetrapterys_calophylla_2942.lib1,Tetrapterys,2942,lib1,2942_AAGTGTGACTGG.R2.fastq.gz,
Tetrapterys_heterophylla_3419.lib3.5,Tetrapterys,3419,lib3.5,3419_S49_L003_R1_001.fastq.gz,
Tetrapterys_heterophylla_3419.lib3.5,Tetrapterys,3419,lib3.5,3419_S49_L003_R2_001.fastq.gz,
Tetrapterys_jamesonii_3423.lib1,Tetrapterys,3423,lib1,3423_CATGCATATCGG.R1.fastq.gz,
Tetrapterys_jamesonii_3423.lib1,Tetrapterys,3423,lib1,3423_CATGCATATCGG.R2.fastq.gz,
Tetrapterys_skutchii_3676.lib2,Tetrapterys,3676,lib2,3676_R1.fq.gz,
Tetrapterys_skutchii_3676.lib2,Tetrapterys,3676,lib2,3676_R2.fq.gz,